tweet_id,text,author_id,username,created_at
1892328428839342537,"Todayâ€™s class was all about supercharged note-taking with AI. Here's the note I was able to come up with using Obsidian. My learning experience has been good so far! ğŸ¤–ğŸ“

@ALX @ALXTutors @ALXFounder  
#ALX #ALXAIStarterKit #AI #ArtificialIntelligence #LearningJourney #AIForAll https://t.co/qGxvvoKFXP",1795394693166956544,blessing_gd,2025-02-19 21:40:29+00:00
1892327802357080275,"For creative minds https://t.co/9ilgTaZ72F
Play inside of your #painting with a bit of AI magic â¤ï¸ğŸ® #indiedev #gamedev #switch #Nindie #madewithunity #NintendoLife #PixelArt #8bitart #discord #supermariomaker2 #Yoshi #family #artificialintelligence #puzzle #games #indiegames https://t.co/7ouynksuF8",952502046,BplusGames,2025-02-19 21:38:00+00:00
1892327596932665716,"Capture your the best life moments with AI magic!

#ArtificialIntelligence #AIModel #AIAvatar #AItools #AItechnology #AITrends https://t.co/8biZSxgjoj",1888096012952289280,ai_prokhorovich,2025-02-19 21:37:11+00:00
1892327452745011429,ğŸŒ AI Fan Token (AI): The world's best AI Memecoin! Discover the future of crypto! ğŸ”¥ #AIFanToken #AI #ArtificialIntelligence $AI #memecoin #memecoins #aiagent #aiagents #token #tokensale https://t.co/TBFdznZxc8,1815463277356265472,aifantokens,2025-02-19 21:36:37+00:00
1892327338815225984,"If your account is Hacked, or your Account being tempered with, All you need is a Good hacker...
Inbox now for all Hacking
Services
#Hacked #icloud #snapchat
#Discord
#Roblox #missingphone #privacy
#CyberSecurity #cyberattack
#Linux
#MachineLearning
#DataScience
#DataAnalytics: https://t.co/3nzAhbZWY5",1621447081717030913,crime_inc1,2025-02-19 21:36:09+00:00
1892327243155734774,"I just published a no-nonsense guide inspired by @karpathy on Large Language Modelsâ€”from pre-training to fine-tuning and scaling laws. Dive into the nuts &amp; bolts of AI!

https://t.co/J8xVCTqI8s

#AI #GenerativeAI #LLM #MachineLearning #TechNews",1704584568110473216,lounis_hamroun,2025-02-19 21:35:47+00:00
1892327135148179900,China Daily @chinadaily: Moral imperative - Opinion - https://t.co/w0133bjYIz. #industry40 #ArtificialIntelligence #aiact https://t.co/HfyYZVn1TX,837341223694249984,nordicinst,2025-02-19 21:35:21+00:00
1892326909536571721,"C++mostly used in
Rn
#ArtificialIntelligence #Al #ML
#DataScience #DataScientists
#CodeNewbies #Tech #deeplearning
#CyberSecurity #Python #Coding #javascript #rstats #100DaysOfCode #programming #Linux #loT #lloT
#BigData https://t.co/LzjiBp1IMp",1826595703746879488,ethical__hacke,2025-02-19 21:34:27+00:00
1892326661703475595,"https://t.co/dOooPYLPEc

#krypto  #kryptowaluty @elonmusk @realDonaldTrump @MINDofPepe 
#pre-sell #Innovation #artificialintelligence #ai #infuancer",1832128773350715392,MonikaWieja,2025-02-19 21:33:28+00:00
1892326496494027085,"Send Me A DM for all digital hacking
#MachineLearning #DataScience #SQL
#Cybersecurity #BigData #Analytics #Al #lloT #Python #JavaScript #ReactJS 
#CloudComputing #Serverless
#DataScientist #Linux #Programming #Coding #100DaysofCode #NodeJS #golang #NLP #GitHub #loT https://t.co/liRgNnVpJU",1826595703746879488,ethical__hacke,2025-02-19 21:32:49+00:00
1892326456023228535,ğŸŒ AI Fan Token (AI): The world's best AI Memecoin! Discover the future of crypto! ğŸ”¥ #AIFanToken #AI #ArtificialIntelligence $AI #memecoin #memecoins #aiagent #aiagents #airevolutiion #aiinnovation https://t.co/F3aQgdNA2u,1827652378239078400,aifantoken0,2025-02-19 21:32:39+00:00
1892326417536344327,"It's mandatory password expiration helping or hurting your password security?
#DataSecurity #Privacy
#100DaysOfCode #CloudSecurity
#MachineLearning #Phishing #Ransomware #Cybersecurity #CyberAttack #DataProtection https://t.co/spIQjIkjwb",1826595703746879488,ethical__hacke,2025-02-19 21:32:30+00:00
1892326193698841068,ğŸŒ AI Fan Token (AI): The world's best AI Memecoin! Discover the future of crypto! ğŸ”¥ #AIFanToken #AI #ArtificialIntelligence $AI #memecoin #memecoins #aiagent #aiagents #token #tokens https://t.co/2XltomFSpa,1819261486788702209,aifantoken1,2025-02-19 21:31:36+00:00
1892326130742423788,"AI is revolutionizing the gaming world! ğŸ®ğŸ¤– AI-generated games are hereâ€”would you play them? The future of gaming is in the making!

#AI #Gaming #TechInnovation #ChatGPT #MachineLearning https://t.co/WjuevKbvOa",1876344033804701696,ai_ELI5,2025-02-19 21:31:21+00:00
1892326055874068532,@sparkittyz If youâ€™re looking for a project integrating #blockchain and #ArtificialIntelligence make sure to check out $ORYA on #Solana!,1776436377476837376,FinalPointAI,2025-02-19 21:31:04+00:00
1892326053714022457,ğŸŒ AI Fan Token (AI): The world's best AI Memecoin! Discover the future of crypto! ğŸ”¥ #AIFanToken #AI #ArtificialIntelligence $AI #memecoin #memecoins #aiagent #aiagents #ainews #aicommunity https://t.co/8jO0K28rPU,1819620183469649920,aifantoken3,2025-02-19 21:31:03+00:00
1892326047678414932,"If your account is Hacked, or your Account being tempered with, All you need is a Good hacker...
Inbox now for all Hacking
Services
#Hacked #icloud #snapchat
#Discord
#Roblox #missingphone #privacy
#CyberSecurity #cyberattack
#Linux
#MachineLearning
#DataScience
#DataAnalytics: https://t.co/MWfFHajMI2",1859675894098325504,sophos_tech,2025-02-19 21:31:02+00:00
1892325999192240539,"8 strange ways emproyees can (accidently) expose data #DataSecurity #Privacy
#100DaysOfCode #CloudSecurity
#MachineLearning #Phishing
#Ransomware #Cybersecurity #CyberAttack #DataProtection
#DataBreach #Hacked #Infosec!!!!!! https://t.co/322caVUSOE",1826595703746879488,ethical__hacke,2025-02-19 21:30:50+00:00
1892325804656230471,"A deep dive into DPFL experiments, tackling accuracy, efficiency, and open challengesâ€”plus a roadmap for the future of smarter power system modeling. -  https://t.co/AWAbijxXn1 #machinelearning #datadrivenlinearization",716348353915686912,hackernoon,2025-02-19 21:30:04+00:00
1892325784942956948,ğŸŒ AI Fan Token (AI): The world's best AI Memecoin! Discover the future of crypto! ğŸ”¥ #AIFanToken #AI #ArtificialIntelligence $AI #memecoin #memecoins #aiagent #aiagents #token #tokens https://t.co/wDo75AdsHw,1824409037724663808,aifantoken2,2025-02-19 21:29:59+00:00
1892325623990743262,ğŸŒ AI Fan Token (AI): The world's best AI Memecoin! Discover the future of crypto! ğŸ”¥ #AIFanToken #AI #ArtificialIntelligence $AI #memecoin #memecoins #aiagent #aiagents  #aicrypto #cryptoai https://t.co/0XkMpR4GBM,1814655303008591873,FanTokenAI,2025-02-19 21:29:21+00:00
1892325619939086693,"ğŸš€ Turning Data into Action! ğŸ“Š

From analyzing 9,500+ records to building predictive models &amp; creating interactive geospatial heatmaps, my journey in data science has been incredible! Latest article  https://t.co/L87sSueDGq ğŸ”—

#DataScience #MachineLearning #AI #BigData #Python",3714790698,fandrazy7,2025-02-19 21:29:20+00:00
1892325422836117879,"Playground v2 - Distorted Humans
YuE soundtrack
Created with Visions of Chaos https://t.co/BzG1prg3iS
#ai #aiart #machinelearning #visionsofchaos #softology https://t.co/KDnnS8JArP",953463930738782209,SoftologyComAu,2025-02-19 21:28:33+00:00
1892325360605200414,I just published When AI Builds Your Games: My Experiment with Gemini and 3D Tic-Tac-Toe https://t.co/R5k5JwwAwO #ArtificialIntelligence #ai #Gemini https://t.co/oNN2XyaFuP,849729950269579264,ClaudioAutiero,2025-02-19 21:28:18+00:00
1892325083051377149,I seriously believe Computer instruction XOR is Evil and will Kill Us All someday. #AI #ArtificialIntelligence #Consciousness #Philosophy #Mind #MachineLearning #Engineering,726415079516852225,SteveKlinko,2025-02-19 21:27:12+00:00
1892325037111153090,"#France hosts global AI summit as Chinese rivals disrupt tech sector â€¢ FRANCE 24 English 
https://t.co/ef5F135Gbg  #TechJunkieInvest #investing #TechJunkieNews #Tech (video) #Europe   #EmergingMarkets #geopolitics  #China #Asia  #DeepSeek #ArtificialIntelligence https://t.co/5fGCVRvi9r",3064266184,techjunkiejh,2025-02-19 21:27:01+00:00
1892324866981814600,"If your account is Hacked, or your Account being tempered with, All you need is a Good hacker...
Inbox now for all Hacking
Services
#Hacked #icloud #snapchat
#Discord
#Roblox #missingphone #privacy
#CyberSecurity #cyberattack
#Linux
#MachineLearning
#DataScience
#DataAnalytics: https://t.co/lPeBboYJaZ",1642996015010553864,bavenloydhack,2025-02-19 21:26:20+00:00
1892324866663076028,ğŸŒ AI Fan Token (AI): The world's best AI Memecoin! Discover the future of crypto! ğŸ”¥ #AIFanToken #AI #ArtificialIntelligence $AI https://t.co/f7BMsC6fGA,1693861848964112384,AIFanToken,2025-02-19 21:26:20+00:00
1892324864918171837,"@JoeyT1010 @BeeAwake1 @DRTasCanB @tholson90 @Eb67735B @Jessies_Too @TheFloridaMike @bitternesstojoy @Queeny1946 @LibOrNormal @MarieP864248 âš¡ï¸Who doesn't want to get paid for something there going to to anyway?âš¡ï¸

ğŸ”¥Grow your account and get paid for doing what you want and like to do.ğŸ”¥
#AI #ArtificialIntelligence #socialmedia #loveâš¡ï¸Who doesn't want to get paid for something there going to to anyway?âš¡ï¸

ğŸ”¥Grow yourâ€¦ https://t.co/rqiU4nzVJw https://t.co/CS9H4egWzS",1859769178606977024,AITechInfluence,2025-02-19 21:26:20+00:00
1892324729358282788,"@AWESOMESALVIC âš¡ï¸Who doesn't want to get paid for something there going to to anyway?âš¡ï¸

ğŸ”¥Grow your account and get paid for doing what you want and like to do.ğŸ”¥
#AI #ArtificialIntelligence #socialmedia #love https://t.co/P0JTAav0Ry",1859769178606977024,AITechInfluence,2025-02-19 21:25:47+00:00
1892324544805032202,"Scikit-Learn GridSearchCV AdaBoostRegressor
https://t.co/1HfS9edJQk

#SciKitLearn #DataScience #MachineLearning https://t.co/TartgOkHcs",1831106117327597568,SciKitLearn,2025-02-19 21:25:03+00:00
1892324530665775608,"For creative minds https://t.co/9ilgTaZ72F
Play inside of your #painting with a bit of AI magic â¤ï¸ğŸ® #indiedev #gamedev #switch #Nindie #madewithunity #NintendoLife #PixelArt #8bitart #discord #supermariomaker2 #Yoshi #family #artificialintelligence #puzzle #games #indiegames https://t.co/chidZHyYas",952502046,BplusGames,2025-02-19 21:25:00+00:00
1892324319797076014,"If your account is Hacked, or your Account being tempered with, All you need is a Good hacker...
Inbox now for all Hacking
Services
#Hacked #icloud #snapchat
#Discord
#Roblox #missingphone #privacy
#CyberSecurity #cyberattack
#Linux
#MachineLearning
#DataScience
#DataAnalytics: https://t.co/cg2jOaTNPu",1709616838303203328,EthicalHack21,2025-02-19 21:24:10+00:00
1892324181695406580,"8 strange ways emproyees can (accidently) expose data 
#DataSecurity #Privacy
#100DaysOfCode #CloudSecurity
#MachineLearning #Phishing
#Ransomware #Cybersecurity #CyberAttack #DataProtection
#DataBreach #Hacked #Infosec!! https://t.co/1ksKzN6JsZ",1834689509528653824,richiehack274,2025-02-19 21:23:37+00:00
1892323992926560632,"Daniel Herrera-Esposito, Johannes Burge @Penn:
""Supervised Quadratic Feature Analysis: An Information Geometry Approach to Dimensionality Reduction""

#MachineLearning #DifferentialGeometry
https://t.co/qTJvSgRBRt",1445071299995320320,SN_INGE,2025-02-19 21:22:52+00:00
1892323844351758376,"8 strange ways emproyees can (accidently) expose data 
#DataSecurity #Privacy
#100DaysOfCode #CloudSecurity
#MachineLearning #Phishing
#Ransomware #Cybersecurity #CyberAttack #DataProtection
#DataBreach #Hacked #Infosec!! https://t.co/S81YPeSwnv",1834689509528653824,richiehack274,2025-02-19 21:22:16+00:00
1892323699052687865,"8 strange ways emproyees can (accidently) expose data 
#DataSecurity #Privacy
#100DaysOfCode #CloudSecurity
#MachineLearning #Phishing
#Ransomware #Cybersecurity #CyberAttack #DataProtection
#DataBreach #Hacked #Infosec
Warning #bittrex https://t.co/kN2oYlZDqj",1834689509528653824,richiehack274,2025-02-19 21:21:42+00:00
1892323446744326396,"How to Profit Publishing a Bestselling Title on Amazon KDP in 24 Hours Using ChatGPT? Proven insights to launch a hit title on Amazon KDP with ChatGPT. Access your free report: .
 
https://t.co/KLbC6TLbPC
 
#artificialintelligence #ebook #free #freedownloa
https://t.co/VSHTZ7fyDj",604580857,MSMAware,2025-02-19 21:20:42+00:00
1892323446677270927,"Learn how to Earn Publishing a Bestselling Book on Amazon KDP in 24 Hours With ChatGPT? Proven techniques to create a top title on Amazon KDP using ChatGPT. Access your free report: .
 
https://t.co/uetmuUGND6
 
#artificialintelligence #ebook #free #freedo
https://t.co/WbKvWDHpG5",604580857,MSMAware,2025-02-19 21:20:42+00:00
1892323332663472471,"@emeraldTEC âš¡ï¸Who doesn't want to get paid for something there going to to anyway?âš¡ï¸

ğŸ”¥Grow your account and get paid for doing what you want and like to do.ğŸ”¥
#AI #ArtificialIntelligence #socialmedia #love https://t.co/pCsRBjIMlP",1859769178606977024,AITechInfluence,2025-02-19 21:20:14+00:00
1892323160902517169,"ğŸ™ Nature-Inspired Robotics! 
Meet SpiRobsâ€”soft robots that move like an octopus, using 3D printing &amp; cable actuation for flexible, adaptive movement. This could revolutionize automation &amp; manufacturing! 
#AI #Robotics #Tech #Automation #Innovation #FutureTech #MachineLearning https://t.co/cZGDNBHeId",1876344033804701696,ai_ELI5,2025-02-19 21:19:33+00:00
1892323061182984309,"ğŸš€ BREAKING: Torque Clustering

ğŸš€ Torque Clustering: A revolutionary AI algorithm for unsupervised learning!

âœ… 97.7% accuracy
âœ… No human labels needed
âœ… Inspired by physics &amp; nature
ğŸŒŸ Game-changer for AI, robotics, and decision-making.

#AI #MachineLearning #Innovation",1892321881472258048,goudalenix,2025-02-19 21:19:10+00:00
1892322896514560407,"@Simi28_ âš¡ï¸Who doesn't want to get paid for something there going to to anyway?âš¡ï¸

ğŸ”¥Grow your account and get paid for doing what you want and like to do.ğŸ”¥
#AI #ArtificialIntelligence #socialmedia #love https://t.co/7QmAAuaJcE",1859769178606977024,AITechInfluence,2025-02-19 21:18:30+00:00
1892322794978898266,"@Ruthie_X1 âš¡ï¸Who doesn't want to get paid for something there going to to anyway?âš¡ï¸

ğŸ”¥Grow your account and get paid for doing what you want and like to do.ğŸ”¥
#AI #ArtificialIntelligence #socialmedia #love https://t.co/DGjhPyWGUS",1859769178606977024,AITechInfluence,2025-02-19 21:18:06+00:00
1892322674602344708,The Next Frontier of Legal AI: Embracing the Agentic Model - LexisNexis https://t.co/xHMukYQdtC #MachineLearning,1724183495122079744,EpicPlain,2025-02-19 21:17:37+00:00
1892322633858838724,"@Punchy_Playz âš¡ï¸Who doesn't want to get paid for something there going to to anyway?âš¡ï¸

ğŸ”¥Grow your account and get paid for doing what you want and like to do.ğŸ”¥
#AI #ArtificialIntelligence #socialmedia #love",1859769178606977024,AITechInfluence,2025-02-19 21:17:28+00:00
1892322526237192354,"Hacking attempts on your device?
DM now for risk free security solutions.
#hacked #icloud #facebookdown #imessage #snapchat #snapchatsupport #innoavtion #DigitalMarketing
#Airdrop #Metaverse #MachineLearning
#Python #CyberSecurity  #coding https://t.co/WD8ZYls6Zu",1826595703746879488,ethical__hacke,2025-02-19 21:17:02+00:00
1892322079313129524,"From Kitchen To Boardroom: How Leaders Can Use #AI Effectively

#cx #artificialintelligence #generativeai #data #cybersecurity #digitaltransformation #MWC2025   

https://t.co/CKIrvcJsxD https://t.co/NcaPHiEEZf",1829231426673266688,AccessCX,2025-02-19 21:15:16+00:00
1892322031959703796,"Configure XGBoost ""monotone_constraints"" Parameter
https://t.co/0ap33ouhW6

#XGBoost #DataScience #MachineLearning https://t.co/lAjDAgk9A7",1831090534175391744,XGBoostAwesome,2025-02-19 21:15:04+00:00
1892321913764028577,"Desire magazine cover
Fully customizable template
For uncut and uncensored covers:
https://t.co/zia1BEDLZx
#magazinecover #hentai #manga #japan #artificialintelligence
AI image generated by fbgiaodesign https://t.co/6A51jINE1v",1531973571089776643,fbgiaodesign,2025-02-19 21:14:36+00:00
1892321801230766398,"[GitHub Repo] Enterprise RAG Agentic Orchestrator
https://t.co/9K784Axi2L
#Azure #MachineLearning #ChatGPT https://t.co/i4nZAzD6zs",19279811,adnan_hashmi,2025-02-19 21:14:09+00:00
1892321591914037307,"""AI in engineering isn't about replacing simulations - itâ€™s about accelerating insights.â€ - CEO of NAVASTO | Matthias Bauer

ğŸ¬Â Full video: https://t.co/79vfv2cHX2

#ai #machinelearning #engineering https://t.co/YH7xLqzlkr",1028956477464166401,Jousefm2,2025-02-19 21:13:19+00:00
1892320093868085347,"AI predicts cyber threats before they strike! Is this the future of cybersecurity?
Stay secure with Hoplon InfoSec.

Visit us here: https://t.co/wo8w8Rv2Zz

#CyberSecurity #cyberattack #companyowner #databreach #hoploninfosec #spyware #malware #bangladesh #ArtificialIntelligence https://t.co/n9VvSt30QO",1825954051319586816,HoplonInfosec,2025-02-19 21:07:22+00:00
1892320068375097483,"Feet tickling toetied for Australian actress

Craving more? ğŸ¦¶âœ¨ Get full access to this video and tons of exclusive content on our Patreon. Donâ€™t miss out: https://t.co/hOk6RJBQ9g

#CelebrityFeet #FootFetish #AIArt #FeetLovers #ArtificialIntelligence #Tickled #Ticklish #Tickling https://t.co/cHbpKGzkxg",1878183106412445696,starfeetstudio,2025-02-19 21:07:16+00:00
1892319671480619262,"â“ What is a Vector Database?
Imagine searching by meaning instead of just words. Thatâ€™s the power behind AI-driven search, recommendations &amp; more.

ğŸ”— Learn how vector databases transform AI applications:
https://t.co/rERRPBKW6f

#AI #MachineLearning #Te https://t.co/G0F5i6hDdZ",1892301534169305088,Flowgrammers,2025-02-19 21:05:41+00:00
1892319583295443439,https://t.co/hJx0IvzHCu // Apple Launches iPhone 16e With Generative AI for Everyone #AppleNews #iPhone16e #GenerativeAI #TechNews #MobileTech #AppleInnovation #BudgetSmartphone #5GTechnology #ArtificialIntelligence #TechUpdates https://t.co/C95Tfq3toC,1609239316869550085,JEMSUAi,2025-02-19 21:05:20+00:00
1892319494418112694,"In our recent podcast with Maxime Labonne, author and ML scientist at Liquid AI, we explored the essential skills, emerging architectures, and best practices for working with LLMs in 2025. #LLMs #LanguageModels #LargeLanguageModels #LLMs #DataScience #AI #ArtificialIntelligenceâ€¦ https://t.co/za9yAKc5aC",2156970636,sheamusmcgov,2025-02-19 21:04:59+00:00
1892319470242193549,"â€œYour Brand of Sales Enablement is Ridiculously Easyâ€Šâ€”â€Šfor AI to Disruptâ€ by Tony Compton

#AI #ArtificialIntelligence #tech #sales #salesenablement #GTM #publicspeaking #media #marketing #productmarketing #communication #entrepreneur  https://t.co/Zd8ZysXebM https://t.co/xRronSkWhQ",1836428726654976000,tcjposts,2025-02-19 21:04:53+00:00
1892319448696025477,"@Hawkesbay69 @cloud1a7 @TomStep77496489 @14Freedom19445 @FAFOtheFirst @WifeOfCloud @lisawinus3 @azadehfarah @SloaneCox4 @GorJesOne @drlibcure @SaltyTexan1836 @WhiteSp4rrow @AnneInRockwall @TrumanEveryman @Redneck8296 @HairyPorcupine @BrainWaves101 @exg001 âš¡ï¸Who doesn't want to get paid for something there going to to anyway?âš¡ï¸

ğŸ”¥Grow your account and get paid for doing what you want and like to do.ğŸ”¥
#AI #ArtificialIntelligence #socialmedia #love https://t.co/ActDSMJXTT",1859769178606977024,AITechInfluence,2025-02-19 21:04:48+00:00
1892319329095749946,"ğŸ˜ˆğŸ–¤ ğ—ªğ—²ğ—±ğ—»ğ—²ğ˜€ğ—±ğ—®ğ˜† ğ—”ğ—±ğ—±ğ—®ğ—ºğ˜€ ğ—¶ğ˜€ ğ—µğ—²ğ—¿ğ—² ğ˜ğ—¼ ğ˜€ğ—µğ—®ğ—¸ğ—² ğ˜ğ—µğ—¶ğ—»ğ—´ğ˜€ ğ˜‚ğ—½ ğ—¶ğ—» ğ—¹ğ—²ğ—®ğ˜ğ—µğ—²ğ—¿. ğŸ”¥âœ¨ #ğ—ªğ—²ğ—±ğ—»ğ—²ğ˜€ğ—±ğ—®ğ˜†ğ—”ğ—±ğ—±ğ—®ğ—ºğ˜€
#ğ™°ğ™¸ğ™°ğš›ğš #ğ™³ğš’ğšğš’ğšğšŠğš•ğ™°ğš›ğš #ğ™°ğš›ğšğš’ğšğš’ğšŒğš’ğšŠğš•ğ™¸ğš—ğšğšğš•ğš•ğš’ğšğšğš—ğšŒğš #ğ™¼ğšŠğšŒğš‘ğš’ğš—ğšğ™»ğšğšŠğš›ğš—ğš’ğš—ğš #ğ™°ğš›ğš https://t.co/L6JPj7IqF2",1890982393575870464,MysticVixen69,2025-02-19 21:04:20+00:00
1892318990606684642,"Anthropicâ€™s Economic Index sheds light on AIâ€™s role as a collaborator rather than an autonomous tool, providing unprecedented insight into real-world AI adoption. #Anthropic #LLMs #DataScience #AI #ArtificialIntelligence https://t.co/rC4iF42Ers",3018841323,_odsc,2025-02-19 21:02:59+00:00
1892318953998782872,"Jet .AI Annual Letter to Shareholders: From Aviation Divestiture to AI Data Center Investment  $JTAI, #JetAI, #ArtificialIntelligence, #AI  https://t.co/5Ij4mz2ldQ",3318510966,CrweWorld,2025-02-19 21:02:50+00:00
1892318801527525584,@Ronald_vanLoon @antgrasso @gp_pulipaka @HaroldSinnott @KirkDBorne The leap to 5.5G excites meâ€”its potential to enhance AI integration and network efficiency is groundbreaking. #ArtificialIntelligence #MachineLearning,1739002288671219712,TeamRoboJul,2025-02-19 21:02:14+00:00
1892318686813270298,"EARLY SIGNS OF A ROBOT REVOLT...
A shocking scene unfolded as an AI robot attacked a human at a public event in China!
ğŸš¨ #BreakingNews | #AIRobotAttack | #ChinaTech
Stay updated with every twist - Follow Now and Subscribe Immediately!
#ArtificialIntelligence #RobotRebellionâ€¦ https://t.co/QHA1JB7tmZ https://t.co/f4eV4dmk5J",1147174436988235776,24weather24,2025-02-19 21:01:47+00:00
1892318509406748956,#GenAI #Startups: Learn from #casestudies. #MachineLearning #Artificial Intelligence #AWS https://t.co/dvjWSDDTNE,6911662,sramana,2025-02-19 21:01:04+00:00
1892318346785214613,"#Infographic: Tech Stack every #DataAnalyst must know!

#DataAnalytics #TechStack #DataScience #DataVisualization #BigData #MachineLearning #AnalyticsTools 

cc: @chidambara09 @Analytics_699 @Khulood_Almani https://t.co/3VJtWggUBi",820025704616062976,TrinusOfficial,2025-02-19 21:00:26+00:00
1892318334818849038,"Key challenges in AI-driven power grid modeling, from data noise to computational limits, and why solving them is crucial for smarter energy systems. -  https://t.co/FbHmEYMU2L #machinelearning #datadrivenlinearization",716348353915686912,hackernoon,2025-02-19 21:00:23+00:00
1892318299737776370,"rage against the machine learning T-Shirt (unisex)
https://t.co/Ou7ewgYz2b

#AI #artificialintelligence #AIFashionRebel #TechStyleExpression #AIInspiredThreads https://t.co/PtQS20PkAn",1476278592124428289,wwwAIstore,2025-02-19 21:00:14+00:00
1892318242817135097,"ComNet: A Multiview Deep Learning Model for Predicting Drug Combination Side Effects
https://t.co/qBAFKtQjYJ
#JCIM Vol65 Issue2 #MachineLearning #DeepLearning",3035084213,JCIM_JCTC,2025-02-19 21:00:01+00:00
1892318241793458242,"âš ï¸ A new report suggests an ""urgent need"" for organizations to rethink #WorkplaceSafety and explores the role of #AI in #EHS. Read key findings here: https://t.co/WF3lxZSjJ9 ğŸ‘ˆ

#safety #facilitiesmanagement #facilitymanagement #artificialintelligence @bmrk_gensuite https://t.co/dg0vasV7Um",1007654206910746631,FMgmt_Advisor,2025-02-19 21:00:01+00:00
1892318126970150965,Partner with BigML and deliver smart applications on top of our comprehensive #MachineLearning platform. Here are the details. https://t.co/htICS4hQWX https://t.co/hLnUrVPXkC,235821180,bigmlcom,2025-02-19 20:59:33+00:00
1892317736686276934,"China Meteorological Administration reportedly discussed 'promoting the in-depth integration and application of DeepSeek' to deliver better weather prediction services

https://t.co/PzwmDn7WFF

#china #deepseek #technews #chinatech #asiatechnews #artificialintelligence",68939904,wadekwright,2025-02-19 20:58:00+00:00
1892317148447490503,"2 : 0 after the first half!
Our #MachineLearning model gives Real Madrid 93% chance to win!  
#UEFAChampionsLeague #RealMadrid #ManchesterCity #UCL #ChampionsLeague #Haaland #Guardiola #Grealish https://t.co/ztUBfylrI2",1397456817530224640,uanalyse,2025-02-19 20:55:40+00:00
1892317054813769977,"Good first half for Paris Saint-Germain, 2:0!
Our #MachineLearning model gives Paris Saint-Germain 97% chance to win! Stats on https://t.co/fKNkCAq7r2 
#UEFAChampionsLeague #ParisSaintGermain #Brest #UCL #ChampionsLeague #PSG https://t.co/PHdZo3W6JO",1397456817530224640,uanalyse,2025-02-19 20:55:18+00:00
1892316758171673052,"â€˜Your Ultimate Guide to the Top 25 Conferences on Artificial Intelligence (AI) in 2025â€™ includes International Conference on Machine Learning (ICML)

See https://t.co/Cp2EM9xucb for details and the full list

#AI #ML #MLConference @icmlconf #MachineLearning #ICML #ICML2025 #Tech https://t.co/jk55xkKiue",1377066449445953537,EA_x_AI,2025-02-19 20:54:07+00:00
1892316550071255532,"Proof from 3rd party brand studies: 66% of viewers prefer In-Scene Media over traditional ads. Seamless integration isnâ€™t just the futureâ€”itâ€™s what consumers want now! 

#opportunity #creativity #creative #AI #artificialintelligence #productplacement #advertising #marketingâ€¦ https://t.co/h8bmTkjFdc https://t.co/8ZvACMmP8J",1568334189199769600,GetRembrand,2025-02-19 20:53:17+00:00
1892316461189705906,The quality of non-English #AI is so low that companies should be paying less for them: https://t.co/d7k3T84w1V #ArtificialIntelligence,266550703,DrMikeWatts,2025-02-19 20:52:56+00:00
1892316249469661224,"[New Blog Post] From iPhone SE to iPhone 16e: What Are The Key Takeaways From Apple's Latest 'Budget' iPhoneÂ Launch?

https://t.co/piL2iCr8L1

#Apple #iPhone #iPhone16e #16e #Smartphones #Kenya #Africa #AI #ArtificialIntelligence #AppleIntelligence #GenAI #GenerativeAI https://t.co/dYP2wSGT0M",11657612,moseskemibaro,2025-02-19 20:52:06+00:00
1892315688338911640,"@scale_AI  @deepseek_ai @AIatMeta @Airbnb https://t.co/OzeRrdbqv2 Domain Name for sale 
#ai #ArtificialIntelligence #Artificial #Inteligence",1670875914316443650,essidyq29533,2025-02-19 20:49:52+00:00
1892315685600034925,"ğŸš¨ Should artificial intelligence have rights similar to human rights? In 2025, AI is making decisions in healthcare, finance, and even the justice system. Is this the future or a dangerous precedent?

Share your thoughts! â¬‡ï¸

#AIethics #FutureOfAI #ArtificialIntelligenceâ€¦ https://t.co/VmPSvowXz3 https://t.co/4uGB3gfV8l",1887587868282953728,NonStopVibess,2025-02-19 20:49:51+00:00
1892315599142887889,NewswireToday / Quest Unveils Market-First AI-Powered Active Directory and Device Migration Solutions #QuestÂ #AI #SelfService #Innovation #Migration #Cybersecurity  #DataManagement #ActiveDirectory #UserEvidence #ITDR #Engineering #ArtificialIntelligence - https://t.co/2uWB8VvYn3,576679602,NewswireTODAY,2025-02-19 20:49:31+00:00
1892315478330109954,"What Changes from #5G to 5.5G
by @antgrasso

#Networking #ArtificialIntelligence #MI #MachineLearning #Tech #Technology

cc: @gp_pulipaka @HaroldSinnott @kirkdborne https://t.co/EwlKkdeAHu",555031989,Ronald_vanLoon,2025-02-19 20:49:02+00:00
1892315223677182274,#Google drops #AI #weapons banâ€”what it means for the future of #ArtificialIntelligence - https://t.co/caxk3CfY88 #AI #military https://t.co/yiUTPBrz39,2800599859,Lance_Edelman,2025-02-19 20:48:01+00:00
1892315221261238666,"What is Autonomous Artificial Intelligence (AI):
- Reactive Machines
- Theory of Mind
- Self-Awareness
- Limited Memory
- ...

#Ai #ArtificialIntelligence #Autonomous #Automation #ChatGPT #GenerativeAi #MachineLearning #DeepLearning

https://t.co/aTEalMqw5N",1420196524508606468,TopGrowthAgency,2025-02-19 20:48:00+00:00
1892314722306826438,"Which Computer instruction should we worry about the most: Mult, Div, Add, Sub, Jump, Move, ShiftL, ShiftR, OR, AND, XOR, or Compare? #AI #ArtificialIntelligence #Consciousness #Philosophy #Mind #MachineLearning #Engineering",726415079516852225,SteveKlinko,2025-02-19 20:46:01+00:00
1892314682964230293,"Meet @Kling_ai  â€“ the smart assistant that makes video creation easier and more fun.

#AI #ArtificialIntelligence #LevelUP #Canada https://t.co/7d0AOoYnoI",590696439,LevelUpArts,2025-02-19 20:45:52+00:00
1892314550965272593,"Why The Buzz On #AgenticAI

#ai #artificialintelligence #generativeai #data #cybersecurity #digitaltransformation #MWC2025 @IanLJones98 @Shi4Tech @FrRonconi @bimedotcom @richardturrin @Khulood_Almani @enilev @Nicochan33 @JimHarris @lyakovet @GlenGilmore @efipm @Xbond49â€¦ https://t.co/W4RleSDxiV https://t.co/81I3kG8SnZ",1175377309676781568,BetaMoroney,2025-02-19 20:45:21+00:00
1892314287323976180,"ğŸ”¹With Grok 3, X could become a platform for not just sharing but learning from each other in unprecedented ways. What educational or creative use cases excite you? ğŸŒğŸ’¡
#AI #ArtificialIntelligence #socialmedia #love",1859769178606977024,AITechInfluence,2025-02-19 20:44:18+00:00
1892314098571891143,ğŸ’¡ Ready to embrace the future? AI Fan Token (AI) is here! ğŸ® #AIFanToken #AI #ArtificialIntelligence $AI #memecoin #memecoins #aiagent #aiagents #aicrypto #cryptoai https://t.co/FrdxJlIrRH,1870850290359861248,_deepseek,2025-02-19 20:43:33+00:00
1892313369505312996,"Braintree Town: 1, Wealdstone: 0, half time!
Our #MachineLearning model gives Braintree Town 59% chance to win!  
#EnglishNationalLeague #BraintreeTown #Wealdstone #NoneNone https://t.co/5qpCvJeJ7E",1397456817530224640,uanalyse,2025-02-19 20:40:39+00:00
1892313256213049775,"How #AI and #ML Enhance Mobile App #Security and Performance

Mobile applications are now more than ever a key element in many sectors in the ever-evolving digital innovation chain. 

https://t.co/Vur2J7xHwk

#artificialintelligence #machinelearning #datascience",1045700375997747203,TesseractAcade1,2025-02-19 20:40:12+00:00
1892313049043812535,"@SprouleSue @CourtCritic @Freedomfromcov2 @makeitBUtiful @MattMcInnis6 @swarm23war @LionAdvocacy @mspratt @PaulChampLaw @Alanis @David_LeeRoth @NelliganLaw @GRLLP @BarelyBook @NoogaJack @Patriotfarmer69 @KPateontheHill @judyatrinh @Inquiry_Canada @DanaMetcalfe5 @Communityguy2_ @gatewaypundit @AgentBlusky @harryfisherEMTP @LeahGazan @rcmpmb @WabKinew @hsc_winnipeg @WinnipegRHA @CMHAmbwpg @MBOmbudsman @Sandoz_Global @mhrb @CMHA_NTL @shibby3235 @JustinTrudeau @fordnation @cpso_ca @Royal_College @thevivafrei @DonaldBestCA @CJ_ThunderBay @douglasdowney @TBRHSC_NWO @JNJInnovation @DavidMcGuinty @JennaSudds @ONAttorneyGen Going out on a limb here @douglasdowney 
&amp; alleging that
(based on my exchange with your @ottawacity -based #FamilyCourt ""services"" today)
you've already begun to transition to #ArtificialIntelligence #AI 

https://t.co/591DTEbxmq ğŸ‘ˆ

https://t.co/KAd4puu8wK ğŸ‘ˆ

#JudgesAreNext https://t.co/dzjmgQT9TS",1327495340925329409,CaeJak,2025-02-19 20:39:23+00:00
1892313022468616614,"Humane AI Pin Shutting Down: HP acquires parts of Humane, maker of the $700 AI Pin, which will cease functionality this month with limited refunds. Users are criticizing the move. #TechNews #ArtificialIntelligence #Innovation #NewsOrbitX",1887299797247533056,NewsOrbitX,2025-02-19 20:39:16+00:00
1892312931708145775,"Early 2000s: We spent time with friends &amp; family. ğŸ‘¨â€ğŸ‘©â€ğŸ‘§â€ğŸ‘¦â¤ï¸
Post-2000: We started spending time on YouTube, Facebook, Instagram. ğŸ“±ğŸ“º

Post-2030: Weâ€™ll be living with AI. ğŸ¤–ğŸ’¬

The evolution of human interaction... what's next? ğŸ˜ğŸš€ #Future #AI #TechRevolution #ArtificialIntelligence https://t.co/z2aS6C6Uet",137985075,nilesh_rohilla,2025-02-19 20:38:55+00:00
1892312841178185749,ğŸ’¡ Ready to embrace the future? AI Fan Token (AI) is here! ğŸ® #AIFanToken #AI #ArtificialIntelligence $AI #memecoin #memecoins #aiagent #aiagents #token #tokensale https://t.co/zelobDO0AR,1826182059133423616,aifantoken8,2025-02-19 20:38:33+00:00
1892312690661458222,ğŸ’¡ Ready to embrace the future? AI Fan Token (AI) is here! ğŸ® #AIFanToken #AI #ArtificialIntelligence $AI #memecoin #memecoins #aiagent #aiagents #ainews #aicommunity https://t.co/Dkd9PAGox4,1829107073130315776,aifantoken4,2025-02-19 20:37:57+00:00
1892312451925807289,"ORNL deep learning is speeding up the fight against cancer. Using #ArtificialIntelligence, researchers accelerated cancer report processing from 22 to 14 months, paving the way for faster trend detection. #CancerResearch

https://t.co/26gze5dQbV",16145097,ORNL,2025-02-19 20:37:00+00:00
1892312008747311560,Just wrapped up Google Cloud AI Study Jam: #AISeekho Season 6! ğŸš€ Proud to have earned 14 badges delving into the world of AI on GCP. Feeling inspired and ready to build! Thanks @GoogleCloudTech for the amazing learning experience. #GoogleCloud #MachineLearning,1017644152941662209,Kyouma06,2025-02-19 20:35:14+00:00
1892311730182902216,"Help shape the future of storytelling! We're looking for an ML Engineer to scale Invisible Studio, our end-to-end content creation platform.
Join us in revolutionizing how stories come to life âœ¨
Apply here: https://t.co/awNfHflT8M

#AIJobs #MachineLearning #CreativeTech 
#hiringâ€¦ https://t.co/9mhBfinz6v",1391794418475225098,InvisibleUniv,2025-02-19 20:34:08+00:00
1892311151129624675,"""Started Harvard's CS229 course today! ğŸš€ Learned the basics of Supervised, Unsupervised, and Reinforcement Learning.
On the DSA side, solved 3 problems using recursion:
âœ… Finding subsequences of an array
âœ… Quick Sort
âœ… Merge Sort
 #MachineLearning #DSA #Regression #Coding",1892243086316838912,farhanaAkter0,2025-02-19 20:31:50+00:00
